{"cameraMode":{"drawMode":0,"name":"Shaded","section":"Shading Mode"},"sceneLighting":true,"audioPlay":false,"sceneViewState":{"m_AlwaysRefresh":false,"showFog":true,"showSkybox":true,"showFlares":true,"showImageEffects":false,"showParticleSystems":true,"showVisualEffectGraphs":true,"m_FxEnabled":true},"in2DMode":false,"pivot":{"x":-0.4802510738372803,"y":0.1995290070772171,"z":2.5019757747650148},"rotation":{"x":-0.15373250842094422,"y":0.15552029013633729,"z":-0.024509252980351449,"w":-0.9754897356033325},"size":2.221491575241089,"orthographic":false}